category,filename,source_sha256,static_or_temporal,G0,G1,G2,G3,G4,G5,G6,final_class_A_E,first_blocker,blocker_family,review_artifact,notes
"EFFECT","飞奔.跑.fla","15d3d727f5f5a86bc877dbc42642d43d0b91e671f828451e8a311028f0d88abc","TEMPORAL","PASS","PASS","PARTIAL","REFERENCE UNAVAILABLE","PARTIAL","COMPLETE","UNKNOWN","E","G3: No independent authored reference or maintainer visual review is available; no technical blocker was observed through the measured path.","VISUAL_REFERENCE_AND_PRODUCT_REVIEW_PENDING","D:\PandaStage-Acceptance\issue732-b5u-round1-20261007b\effect-01\run-1\contact-sheet.png","The Issue #706 static probe's NESTED_GRAPHIC_TIMING / UNKNOWN_SEMANTIC strings are preliminary legacy observations and are not used as final blocker classifications."
"EFFECT","尴尬.fla","030c9eb792fd43920cead22c7e7f3f2f5fe9922f121637e44d9e299b8c576e5b","TEMPORAL","PASS","PASS","PARTIAL","REFERENCE UNAVAILABLE","PARTIAL","COMPLETE","UNKNOWN","E","G3: No independent authored reference or maintainer visual review is available; no technical blocker was observed through the measured path.","VISUAL_REFERENCE_AND_PRODUCT_REVIEW_PENDING","D:\PandaStage-Acceptance\issue732-b5u-round1-20261007b\effect-02\run-1\contact-sheet.png","The Issue #706 static probe's NESTED_GRAPHIC_TIMING / UNKNOWN_SEMANTIC strings are preliminary legacy observations and are not used as final blocker classifications."
"EFFECT","内心独白.fla","a931b0820a88d4c99363325c23864b792dbc4591738db4effeec3251fba1bcbe","TEMPORAL","PASS","PASS","PARTIAL","REFERENCE UNAVAILABLE","PARTIAL","COMPLETE","UNKNOWN","E","G3: No independent authored reference or maintainer visual review is available; no technical blocker was observed through the measured path.","VISUAL_REFERENCE_AND_PRODUCT_REVIEW_PENDING","D:\PandaStage-Acceptance\issue732-b5u-round1-20261007b\effect-03\run-1\contact-sheet.png","The Issue #706 static probe's NESTED_GRAPHIC_TIMING / UNKNOWN_SEMANTIC strings are preliminary legacy observations and are not used as final blocker classifications."
"EFFECT","人物死亡消失.fla","6c3ad29c284c967d84699009e9d6933fd21e8523b617b1128420bd6943a828ec","TEMPORAL","PASS","PASS","PARTIAL","REFERENCE UNAVAILABLE","PARTIAL","COMPLETE","UNKNOWN","E","G3: No independent authored reference or maintainer visual review is available; no technical blocker was observed through the measured path.","VISUAL_REFERENCE_AND_PRODUCT_REVIEW_PENDING","D:\PandaStage-Acceptance\issue732-b5u-round1-20261007b\effect-04\run-1\contact-sheet.png","The Issue #706 static probe's NESTED_GRAPHIC_TIMING / UNKNOWN_SEMANTIC strings are preliminary legacy observations and are not used as final blocker classifications."
"EFFECT","生气.fla","04fbbe68117844e9152f52e4a68310371ae40ad73564b856a0ce6cd8cb161000","TEMPORAL","PASS","PASS","PARTIAL","REFERENCE UNAVAILABLE","PARTIAL","COMPLETE","UNKNOWN","E","G3: No independent authored reference or maintainer visual review is available; no technical blocker was observed through the measured path.","VISUAL_REFERENCE_AND_PRODUCT_REVIEW_PENDING","D:\PandaStage-Acceptance\issue732-b5u-round1-20261007b\effect-05\run-1\contact-sheet.png","The Issue #706 static probe's NESTED_GRAPHIC_TIMING / UNKNOWN_SEMANTIC strings are preliminary legacy observations and are not used as final blocker classifications."
"EFFECT","手忙脚乱.fla","10d69bf1ce1222bdb59725bbf8306b2e030d65b03f7a111b91e68c7866c07d9b","TEMPORAL","PASS","PASS","PARTIAL","REFERENCE UNAVAILABLE","PARTIAL","COMPLETE","UNKNOWN","E","G3: No independent authored reference or maintainer visual review is available; no technical blocker was observed through the measured path.","VISUAL_REFERENCE_AND_PRODUCT_REVIEW_PENDING","D:\PandaStage-Acceptance\issue732-b5u-round1-20261007b\effect-06\run-1\contact-sheet.png","The Issue #706 static probe's NESTED_GRAPHIC_TIMING / UNKNOWN_SEMANTIC strings are preliminary legacy observations and are not used as final blocker classifications. The temporal manifest contained 1 duplicate root target row(s); this report deduplicated by renderTargetId."
"EFFECT","水花.fla","89f043644edd20626c33573cbf8001362195a8bd9e271b01aa83ddf9306fbc9a","TEMPORAL","PASS","PASS","PARTIAL","REFERENCE UNAVAILABLE","PARTIAL","COMPLETE","UNKNOWN","E","G3: No independent authored reference or maintainer visual review is available; no technical blocker was observed through the measured path.","VISUAL_REFERENCE_AND_PRODUCT_REVIEW_PENDING","D:\PandaStage-Acceptance\issue732-b5u-round1-20261007b\effect-07\run-1\contact-sheet.png","The Issue #706 static probe's NESTED_GRAPHIC_TIMING / UNKNOWN_SEMANTIC strings are preliminary legacy observations and are not used as final blocker classifications."
"EFFECT","叹气.fla","e695f4d652bcb2eca0a4bde2a7ca720e1526eaa6edf1d134feca35e90a4fd2ce","TEMPORAL","PASS","PASS","PARTIAL","REFERENCE UNAVAILABLE","PARTIAL","COMPLETE","UNKNOWN","E","G3: No independent authored reference or maintainer visual review is available; no technical blocker was observed through the measured path.","VISUAL_REFERENCE_AND_PRODUCT_REVIEW_PENDING","D:\PandaStage-Acceptance\issue732-b5u-round1-20261007b\effect-08\run-1\contact-sheet.png","The Issue #706 static probe's NESTED_GRAPHIC_TIMING / UNKNOWN_SEMANTIC strings are preliminary legacy observations and are not used as final blocker classifications."
"EFFECT","吐血.fla","56028cb3f6be853ea132f3e7b43eaa807e88bbdd53a2b1c4dea7e6cfe6c8dced","TEMPORAL","PASS","PASS","PARTIAL","REFERENCE UNAVAILABLE","PARTIAL","COMPLETE","UNKNOWN","E","G3: No independent authored reference or maintainer visual review is available; no technical blocker was observed through the measured path.","VISUAL_REFERENCE_AND_PRODUCT_REVIEW_PENDING","D:\PandaStage-Acceptance\issue732-b5u-round1-20261007b\effect-09\run-1\contact-sheet.png","The Issue #706 static probe's NESTED_GRAPHIC_TIMING / UNKNOWN_SEMANTIC strings are preliminary legacy observations and are not used as final blocker classifications."
"EFFECT","直播间.fla","098394b02589cf71249270a63f78d4d4d0a17c21ba11f87af95fc1c401915960","TEMPORAL","PASS","PASS","PARTIAL","REFERENCE UNAVAILABLE","PARTIAL","PARTIAL","NOT PRODUCT USABLE","D","G5: Frame source iteration error: Error: R2 SVG build failed for frame 1: Graphic frame 1 requires unsupported motion tween interpolation on layer 1: source metadata falls outside the bounded transform-only subset","MOTION_TWEEN_METADATA_OUTSIDE_BOUNDED_SUBSET","D:\PandaStage-Acceptance\issue732-b5u-round1-20261007b\effect-10\run-1\contact-sheet.png","The Issue #706 static probe's NESTED_GRAPHIC_TIMING / UNKNOWN_SEMANTIC strings are preliminary legacy observations and are not used as final blocker classifications."
"PROP","草药 仙草 灵植 (1).fla","a15c340ee3c3b2c6458624aa198971772f2e12490841e87e5de2f257364bfc50","STATIC","PASS","PASS","PARTIAL","REFERENCE UNAVAILABLE","NOT APPLICABLE / STATIC","NOT APPLICABLE / STATIC","UNKNOWN","E","G3: No independent authored reference or maintainer visual review is available; static reconstruction coherence remains unconfirmed.","VISUAL_REFERENCE_AND_PRODUCT_REVIEW_PENDING","D:\PandaStage-Acceptance\issue732-b5u-round1-20261007b\prop-11\run-1\contact-sheet.png","The Issue #706 static probe's NESTED_GRAPHIC_TIMING / UNKNOWN_SEMANTIC strings are preliminary legacy observations and are not used as final blocker classifications."
"PROP","草药 仙草 灵植.fla","610b362a056b19790db6f7b44ad093f32955760aeb7e060284b7b95d8f572535","STATIC","PASS","PASS","PARTIAL","REFERENCE UNAVAILABLE","NOT APPLICABLE / STATIC","NOT APPLICABLE / STATIC","UNKNOWN","E","G3: No independent authored reference or maintainer visual review is available; static reconstruction coherence remains unconfirmed.","VISUAL_REFERENCE_AND_PRODUCT_REVIEW_PENDING","D:\PandaStage-Acceptance\issue732-b5u-round1-20261007b\prop-12\run-1\contact-sheet.png","The Issue #706 static probe's NESTED_GRAPHIC_TIMING / UNKNOWN_SEMANTIC strings are preliminary legacy observations and are not used as final blocker classifications."
"PROP","储物袋.fla","5d94df2d256208a4338ff10e8355402e572d2f86ffb906a5a5cf4902c1d054d7","STATIC","PASS","PASS","PARTIAL","REFERENCE UNAVAILABLE","NOT APPLICABLE / STATIC","NOT APPLICABLE / STATIC","UNKNOWN","E","G3: No independent authored reference or maintainer visual review is available; static reconstruction coherence remains unconfirmed.","VISUAL_REFERENCE_AND_PRODUCT_REVIEW_PENDING","D:\PandaStage-Acceptance\issue732-b5u-round1-20261007b\prop-13\run-1\contact-sheet.png","The Issue #706 static probe's NESTED_GRAPHIC_TIMING / UNKNOWN_SEMANTIC strings are preliminary legacy observations and are not used as final blocker classifications."
"PROP","飞舟、飞船.fla","54b5f16fca73e0af93911e6d71595d9c98bce7a60eba3ae60d4974cce5451dc2","STATIC","PASS","PASS","PARTIAL","REFERENCE UNAVAILABLE","NOT APPLICABLE / STATIC","NOT APPLICABLE / STATIC","UNKNOWN","E","G3: No independent authored reference or maintainer visual review is available; static reconstruction coherence remains unconfirmed.","VISUAL_REFERENCE_AND_PRODUCT_REVIEW_PENDING","D:\PandaStage-Acceptance\issue732-b5u-round1-20261007b\prop-14\run-1\contact-sheet.png","The Issue #706 static probe's NESTED_GRAPHIC_TIMING / UNKNOWN_SEMANTIC strings are preliminary legacy observations and are not used as final blocker classifications."
"PROP","莲台.fla","7fcb4d6e8fc300f514a62b0af9b8dc8de5402c48c5503edc197d5a530b7ee714","STATIC","PASS","PASS","PARTIAL","REFERENCE UNAVAILABLE","NOT APPLICABLE / STATIC","NOT APPLICABLE / STATIC","UNKNOWN","E","G3: No independent authored reference or maintainer visual review is available; static reconstruction coherence remains unconfirmed.","VISUAL_REFERENCE_AND_PRODUCT_REVIEW_PENDING","D:\PandaStage-Acceptance\issue732-b5u-round1-20261007b\prop-15\run-1\contact-sheet.png","The Issue #706 static probe's NESTED_GRAPHIC_TIMING / UNKNOWN_SEMANTIC strings are preliminary legacy observations and are not used as final blocker classifications."
"PROP","炼丹炉.fla","498537baa9cf900f613987eb9dab99727ee09ddaad4fb06e2d2c4351cb283a68","STATIC","PASS","PASS","PARTIAL","REFERENCE UNAVAILABLE","NOT APPLICABLE / STATIC","NOT APPLICABLE / STATIC","UNKNOWN","E","G3: No independent authored reference or maintainer visual review is available; static reconstruction coherence remains unconfirmed.","VISUAL_REFERENCE_AND_PRODUCT_REVIEW_PENDING","D:\PandaStage-Acceptance\issue732-b5u-round1-20261007b\prop-16\run-1\contact-sheet.png","The Issue #706 static probe's NESTED_GRAPHIC_TIMING / UNKNOWN_SEMANTIC strings are preliminary legacy observations and are not used as final blocker classifications."
"PROP","石碑.fla","12f05ac8faa0141fe0d0c19de41161b9766d4a4dcf2022bbacce9a8054f198c9","STATIC","PASS","PASS","PARTIAL","REFERENCE UNAVAILABLE","NOT APPLICABLE / STATIC","NOT APPLICABLE / STATIC","UNKNOWN","E","G3: No independent authored reference or maintainer visual review is available; static reconstruction coherence remains unconfirmed.","VISUAL_REFERENCE_AND_PRODUCT_REVIEW_PENDING","D:\PandaStage-Acceptance\issue732-b5u-round1-20261007b\prop-17\run-1\contact-sheet.png","The Issue #706 static probe's NESTED_GRAPHIC_TIMING / UNKNOWN_SEMANTIC strings are preliminary legacy observations and are not used as final blocker classifications."
"CHARACTER","汉服修仙女.fla","6af14990029d4ced2c4e305721321835180c1bf041178a8799e1d14a1f62e535","TEMPORAL","PASS","PASS","PARTIAL","REFERENCE UNAVAILABLE","PARTIAL","PARTIAL","NOT PRODUCT USABLE","D","G5: Frame source iteration error: Error: R2 SVG build failed for frame 0: Shape fla-shape-9420f0fcb052d77956ea920f FillStyle 1 has an open fill boundary","SHAPE_REGION_GENERATION_OPEN_FILL_BOUNDARY","D:\PandaStage-Acceptance\issue732-b5u-round1-20261007b\character-18\run-1\contact-sheet.png","The Issue #706 static probe's NESTED_GRAPHIC_TIMING / UNKNOWN_SEMANTIC strings are preliminary legacy observations and are not used as final blocker classifications."
"CHARACTER","黑袍大师兄（四视角）.fla","3ae497bf13e1af8fdfb755cf70cf16d3e94176ea463d5621ae011c83dec53456","TEMPORAL","PASS","PASS","PARTIAL","REFERENCE UNAVAILABLE","PARTIAL","COMPLETE","UNKNOWN","E","G3: No independent authored reference or maintainer visual review is available; no technical blocker was observed through the measured path.","VISUAL_REFERENCE_AND_PRODUCT_REVIEW_PENDING","D:\PandaStage-Acceptance\issue732-b5u-round1-20261007b\character-19\run-1\contact-sheet.png","The Issue #706 static probe's NESTED_GRAPHIC_TIMING / UNKNOWN_SEMANTIC strings are preliminary legacy observations and are not used as final blocker classifications. The temporal manifest contained 1 duplicate root target row(s); this report deduplicated by renderTargetId."
"CHARACTER","红伞蝶衣（四视角）.fla","76c8b1ceb22e427a43d2b6b39502316208dd34fec3b1786b3063640386852781","TEMPORAL","PASS","PASS","PARTIAL","REFERENCE UNAVAILABLE","PARTIAL","COMPLETE","UNKNOWN","E","G3: No independent authored reference or maintainer visual review is available; no technical blocker was observed through the measured path.","VISUAL_REFERENCE_AND_PRODUCT_REVIEW_PENDING","D:\PandaStage-Acceptance\issue732-b5u-round1-20261007b\character-20\run-1\contact-sheet.png","The Issue #706 static probe's NESTED_GRAPHIC_TIMING / UNKNOWN_SEMANTIC strings are preliminary legacy observations and are not used as final blocker classifications."
"CHARACTER","蓝白古装男.fla","0d4aecbc159990ce54b9d0d8c31ea0f3354cd7ed86df77bac19a562dfc761fa2","TEMPORAL","PASS","PASS","PARTIAL","REFERENCE UNAVAILABLE","PARTIAL","COMPLETE","UNKNOWN","E","G3: No independent authored reference or maintainer visual review is available; no technical blocker was observed through the measured path.","VISUAL_REFERENCE_AND_PRODUCT_REVIEW_PENDING","D:\PandaStage-Acceptance\issue732-b5u-round1-20261007b\character-21\run-1\contact-sheet.png","The Issue #706 static probe's NESTED_GRAPHIC_TIMING / UNKNOWN_SEMANTIC strings are preliminary legacy observations and are not used as final blocker classifications."
"CHARACTER","蓝发修仙女.fla","86eb123fdd42f1dac80754c9260b793404072be70523b41d012598138c35c6d2","TEMPORAL","PASS","PASS","PARTIAL","REFERENCE UNAVAILABLE","PARTIAL","BLOCKED","NOT PRODUCT USABLE","E","G5: Scene Graphic root 神女-cilisucai.com/神女-cilisucai.com809 was not exposed by the bounded production render-target catalog (catalog candidates=64).","TEMPORAL_ROOT_NOT_EXPOSED_BY_PRODUCT_CATALOG","D:\PandaStage-Acceptance\issue732-b5u-round1-20261007b\character-22\run-1","The Issue #706 static probe's NESTED_GRAPHIC_TIMING / UNKNOWN_SEMANTIC strings are preliminary legacy observations and are not used as final blocker classifications. The source contains temporal facts, but the Scene temporal root was not returned in the 64-entry product catalog."
"CHARACTER","魔修.fla","c16792991c9704b6b29b8798c8e1030bf868963b51c6f0e9018113a4b641aa79","TEMPORAL","PASS","PASS","PARTIAL","REFERENCE UNAVAILABLE","PARTIAL","PARTIAL","NOT PRODUCT USABLE","C","G5: Frame source iteration error: Error: R2 SVG build failed for frame 0: Shape fla-shape-a3aacadd5f397144144d6bcb StrokeStyle 2 has unsupported linear stroke fill; P2-C03 supports normal SolidStroke semantics only","BOUNDED_LINEAR_STROKE_FILL","D:\PandaStage-Acceptance\issue732-b5u-round1-20261007b\character-23\run-1","The Issue #706 static probe's NESTED_GRAPHIC_TIMING / UNKNOWN_SEMANTIC strings are preliminary legacy observations and are not used as final blocker classifications."
"CHARACTER","浅蓝修仙女.fla","050e222cd536b28ed07466c77a87f0dbabf66eaa993be25d803ef12bee3a55b1","TEMPORAL","PASS","PASS","PARTIAL","REFERENCE UNAVAILABLE","PARTIAL","PARTIAL","NOT PRODUCT USABLE","C","G5: Frame source iteration error: Error: R2 SVG build failed for frame 0: Shape fla-shape-003835638464417fb5cb0346 StrokeStyle 3 has unsupported linear stroke fill; P2-C03 supports normal SolidStroke semantics only","BOUNDED_LINEAR_STROKE_FILL","D:\PandaStage-Acceptance\issue732-b5u-round1-20261007b\character-24\run-1\contact-sheet.png","The Issue #706 static probe's NESTED_GRAPHIC_TIMING / UNKNOWN_SEMANTIC strings are preliminary legacy observations and are not used as final blocker classifications."
"CHARACTER","青绫修仙女（四视角）.fla","d0958d4432decbf6c54566ba15a2f5e97bd88c82d75dcb2f84603e9b2273f0e4","TEMPORAL","PASS","PASS","PARTIAL","REFERENCE UNAVAILABLE","PARTIAL","PARTIAL","NOT PRODUCT USABLE","D","G5: Frame source iteration error: Error: R2 SVG build failed for frame 0: Shape fla-shape-944dedeb2bb14b160532f675 FillStyle 1 has an open fill boundary","SHAPE_REGION_GENERATION_OPEN_FILL_BOUNDARY","D:\PandaStage-Acceptance\issue732-b5u-round1-20261007b\character-25\run-1\contact-sheet.png","The Issue #706 static probe's NESTED_GRAPHIC_TIMING / UNKNOWN_SEMANTIC strings are preliminary legacy observations and are not used as final blocker classifications."
"CHARACTER","修仙大长老（三视角）.fla","78e4c1106114eb8f153ddefe64418a0023b018a414f6a9ad603e15b0cae49472","TEMPORAL","PASS","PASS","PARTIAL","REFERENCE UNAVAILABLE","PARTIAL","COMPLETE","UNKNOWN","E","G3: No independent authored reference or maintainer visual review is available; no technical blocker was observed through the measured path.","VISUAL_REFERENCE_AND_PRODUCT_REVIEW_PENDING","D:\PandaStage-Acceptance\issue732-b5u-round1-20261007b\character-26\run-1\contact-sheet.png","The Issue #706 static probe's NESTED_GRAPHIC_TIMING / UNKNOWN_SEMANTIC strings are preliminary legacy observations and are not used as final blocker classifications."
"CHARACTER","修仙男.fla","565c5609a7610ef64ed9f98b09d98dd82d5a45255adb4d3d410a5a365e0ef4a5","TEMPORAL","PASS","PASS","PARTIAL","REFERENCE UNAVAILABLE","PARTIAL","PARTIAL","NOT PRODUCT USABLE","D","G5: Frame source iteration error: Error: R2 SVG build failed for frame 0: Shape fla-shape-196ba2d2358441409a8b4dce FillStyle 1 has an open fill boundary","SHAPE_REGION_GENERATION_OPEN_FILL_BOUNDARY","D:\PandaStage-Acceptance\issue732-b5u-round1-20261007b\character-27\run-1\contact-sheet.png","The Issue #706 static probe's NESTED_GRAPHIC_TIMING / UNKNOWN_SEMANTIC strings are preliminary legacy observations and are not used as final blocker classifications."
"CHARACTER","修仙宗门圣女（四视角）.fla","c2c1a41dfb58eb7b4998cb7e4f35d56a34e39a11777442121ca5c7340605e18d","TEMPORAL","PASS","PASS","PARTIAL","REFERENCE UNAVAILABLE","PARTIAL","COMPLETE","UNKNOWN","E","G3: No independent authored reference or maintainer visual review is available; no technical blocker was observed through the measured path.","VISUAL_REFERENCE_AND_PRODUCT_REVIEW_PENDING","D:\PandaStage-Acceptance\issue732-b5u-round1-20261007b\character-28\run-1\contact-sheet.png","The Issue #706 static probe's NESTED_GRAPHIC_TIMING / UNKNOWN_SEMANTIC strings are preliminary legacy observations and are not used as final blocker classifications."
